{
  "accentColor": "#9872cd",
  "cssTheme": "Vauxhall",
  "interfaceFontFamily": "MonoLisa,JetBrainsMono Nerd Font Mono",
  "textFontFamily": "MonoLisa,JetBrainsMono Nerd Font Mono",
  "monospaceFontFamily": "MonoLisa,JetBrainsMono Nerd Font Mono",
  "enabledCssSnippets": [
    "retro-notebook-bg",
    "Daily Note",
    "Notebook Backgrounds",
    "Runescape",
    "Japanese Fonts",
    "Japanese Font Support",
    "Colored Sidebar Items",
    "Minecraft",
    "CyanVoxel's General Tweaks",
    "Daily Note Themes"
  ],
  "translucency": false,
  "theme": "obsidian",
  "baseFontSize": 17
}