{
  "main": {
    "id": "e92d0ceff9ab3357",
    "type": "split",
    "children": [
      {
        "id": "9301801ba109cc2d",
        "type": "tabs",
        "children": [
          {
            "id": "acb8d3aaf8775f81",
            "type": "leaf",
            "state": {
              "type": "markdown",
              "state": {
                "file": "05 - Fleeting/Placeholder.md",
                "mode": "preview",
                "source": true
              }
            }
          }
        ]
      }
    ],
    "direction": "vertical"
  },
  "left": {
    "id": "b630b9aac8110f5c",
    "type": "split",
    "children": [
      {
        "id": "1633a2e82699072f",
        "type": "tabs",
        "dimension": 65.87628865979381,
        "children": [
          {
            "id": "48db5e5e042efd58",
            "type": "leaf",
            "state": {
              "type": "file-explorer",
              "state": {
                "sortOrder": "alphabetical"
              }
            }
          },
          {
            "id": "a1c216b84f65404e",
            "type": "leaf",
            "state": {
              "type": "search",
              "state": {
                "query": "tag:#Bar",
                "matchingCase": false,
                "explainSearch": false,
                "collapseAll": false,
                "extraContext": false,
                "sortOrder": "alphabetical"
              }
            }
          },
          {
            "id": "b92a72d2ba5d78e8",
            "type": "leaf",
            "state": {
              "type": "bookmarks",
              "state": {}
            }
          },
          {
            "id": "9c4718c0c6e5c0c7",
            "type": "leaf",
            "state": {
              "type": "recent-files",
              "state": {}
            }
          }
        ]
      },
      {
        "id": "5118e9db2e3d4256",
        "type": "tabs",
        "dimension": 34.123711340206185,
        "children": [
          {
            "id": "d30463d87258ed7b",
            "type": "leaf",
            "state": {
              "type": "calendar",
              "state": {}
            }
          }
        ]
      }
    ],
    "direction": "horizontal",
    "width": 300
  },
  "right": {
    "id": "e2923ca1019dc92a",
    "type": "split",
    "children": [
      {
        "id": "062ce06b6ec9ecd0",
        "type": "tabs",
        "children": [
          {
            "id": "95e1f78d8ee90273",
            "type": "leaf",
            "state": {
              "type": "backlink",
              "state": {
                "file": "05 - Fleeting/Placeholder.md",
                "collapseAll": false,
                "extraContext": false,
                "sortOrder": "alphabetical",
                "showSearch": false,
                "searchQuery": "",
                "backlinkCollapsed": false,
                "unlinkedCollapsed": true
              }
            }
          },
          {
            "id": "4361557318f5ec66",
            "type": "leaf",
            "state": {
              "type": "outgoing-link",
              "state": {
                "file": "05 - Fleeting/Placeholder.md",
                "linksCollapsed": false,
                "unlinkedCollapsed": true
              }
            }
          },
          {
            "id": "507e26278cc7532e",
            "type": "leaf",
            "state": {
              "type": "tag",
              "state": {
                "sortOrder": "frequency",
                "useHierarchy": true
              }
            }
          },
          {
            "id": "6f56ec680efde17b",
            "type": "leaf",
            "state": {
              "type": "all-properties",
              "state": {
                "sortOrder": "frequency",
                "showSearch": false,
                "searchQuery": ""
              }
            }
          },
          {
            "id": "2d07d74799cb79e5",
            "type": "leaf",
            "state": {
              "type": "outline",
              "state": {
                "file": "05 - Fleeting/Placeholder.md"
              }
            }
          },
          {
            "id": "473af58c90869e4b",
            "type": "leaf",
            "state": {
              "type": "advanced-tables-toolbar",
              "state": {}
            }
          },
          {
            "id": "aff64bf368e55f1d",
            "type": "leaf",
            "state": {
              "type": "file-properties",
              "state": {
                "file": "05 - Fleeting/Placeholder.md"
              }
            }
          }
        ],
        "currentTab": 6
      }
    ],
    "direction": "horizontal",
    "width": 300,
    "collapsed": true
  },
  "left-ribbon": {
    "hiddenItems": {
      "daily-notes:Open today's daily note": false,
      "switcher:Open quick switcher": true,
      "command-palette:Open command palette": true,
      "graph:Open graph view": false,
      "zk-prefixer:Create new unique note": false,
      "canvas:Create new canvas": false,
      "templates:Insert template": true,
      "obsidian-advanced-slides:Show Slide Preview": false,
      "table-editor-obsidian:Advanced Tables Toolbar": false,
      "dbfolder:Create a new database table": false,
      "janitor:Janitor: scan vault": false,
      "obsidian-textgenerator-plugin:Generate Text!": false,
      "obsidian-textgenerator-plugin:Text Generator: Templates Packages Manager": false,
      "darlal-switcher-plus:Open in Headings Mode": false,
      "darlal-switcher-plus:Open Symbols for the active editor": false,
      "homepage:Open homepage": false,
      "obsidian-excalidraw-plugin:Create new drawing": false,
      "obsidian-importer:Open Importer": false,
      "obsidian-spaced-repetition:Review flashcards": false,
      "templater-obsidian:Templater": false,
      "obsidian-kanban:Create new board": false,
      "periodic-notes:Open today": false
    }
  },
  "active": "48db5e5e042efd58",
  "lastOpenFiles": [
    "07 - Meetings/1-1s/Placeholder.md",
    "07 - Meetings/Standups/Placeholder.md",
    "06 - Periodic/00 - Daily/Placeholder.md",
    "06 - Periodic/01 - Weekly/Placeholder.md",
    "06 - Periodic/02 - Monthly/Placeholder.md",
    "06 - Periodic/03 - Quarterly/Placeholder.md",
    "06 - Periodic/04 - Yearly/Placeholder.md",
    "06 - Periodic/Placeholder.md",
    "07 - Meetings/Placeholder.md",
    "08 - Entities/01 - People/Placeholder.md",
    "00 - Maps of Content/01 Meetings.md",
    "00 - Maps of Content/00 Homepage.md",
    "06 - Periodic/02 - Monthly/2024-06.md",
    "06 - Periodic/01 - Weekly/2024-W23.md",
    "08 - Entities/01 - People/Brandon Weaver.md",
    "07 - Meetings/2024-06-02 ID Verification.md",
    "06 - Periodic/00 - Daily/2024-06-03.md",
    "06 - Periodic/00 - Daily/2024-06-02.md",
    "99 - Meta/00 - Templates/Person Template.md",
    "06 - Periodic/01 - Weekly/2024-W22.md",
    "07 - Meetings/2024-06-02 Waow.md",
    "99 - Meta/00 - Templates/Meeting Template.md",
    "06 - Periodic/00 - Daily/2024-05-31.md",
    "99 - Meta/00 - Templates/(Periodic) Daily Template.md",
    "06 - Periodic/00 - Daily/2024-06-01.md",
    "07 - Meetings/Standups",
    "07 - Meetings/1-1s",
    "07 - Meetings",
    "99 - Meta/00 - Templates/(TEMPLATE) Unique.md",
    "06 - Periodic/00 - Daily",
    "06 - Daily/04 - Meetings/06 - Daily/04 - Meetings",
    "06 - Daily/04 - Meetings/06 - Daily",
    "scripts/js_engine/meeting_manager.js",
    "scripts/js_engine/1-01 Meetings.js",
    "00 - Maps of Content/3-01 Meetings.js",
    "00 - Maps of Content/2-01 Meetings.js",
    "99 - Meta/Backgrounds/requiem2_banner.jpg"
  ]
}